epoch,train_loss,test_loss,test_psnr
1,0.1269754350213057,0.01830084439367057,34.709671003718
2,0.01590789424366143,0.014383974513038992,34.879246112172176
3,0.015081475627156768,0.015032593561336398,35.73423069547296
4,0.01351009057558114,0.016191235622391102,36.61816555528299
5,0.012992497009114538,0.0136546210385859,38.34485473297363
6,0.008727466881201408,0.009459060858935118,44.449930296565526
7,0.005513393886083054,0.0061292381677776585,47.11858030161738
8,0.004932516444668098,0.004292975745629523,48.0061072090712
9,0.005893255226627582,0.005690818047150969,48.471250360652654
10,0.004268157741949333,0.004954619542695581,50.13799386388899
11,0.004922852506238674,0.006203227797523142,50.219303388902055
12,0.00477664474061331,0.00628854712937027,50.235979777072046
13,0.004248238167504203,0.0031205683667212725,50.77507929425218
14,0.004184688646622961,0.003670029570348561,50.916759541380735
15,0.004049801646609618,0.0035173631086945533,50.71106412887334
16,0.004966719635061476,0.00543720467481762,48.704125956763
17,0.005784579534844344,0.01044775867834687,49.804487543810886
18,0.0048223087237917305,0.002939069101121276,51.365632989591944
19,0.003948974949284687,0.0036745793279260395,51.158927035221275
20,0.004017358436594987,0.005335218594409525,49.37492473588347
21,0.004209690862150843,0.004562575162854046,50.52410090289144
22,0.004829815068480434,0.009753895625472074,45.32471259045393
23,0.00410541465925514,0.005124182710424065,49.262580217076085
24,0.003914962422983293,0.0026611265691462915,51.49806917913069
25,0.003939911191199564,0.004146864933427422,50.16263554265479
26,0.003902246078273445,0.003571054565254599,51.58734851174921
27,0.004411222565329016,0.005152722722850739,49.300696147068194
28,0.004000589512300093,0.006421380653046071,48.22857617152913
29,0.004386904134788532,0.0031839539180509744,51.62337565347535
30,0.004610290877650135,0.003930795947089793,50.41679037575622
31,0.004824487552378725,0.004950447399169205,51.59617021588152
32,0.00450427853905752,0.0033141149813309314,50.99303071955792
33,0.005117097125206569,0.002631795699708165,51.152055069681126
34,0.004125464679949946,0.005519209182821217,48.85266791858015
35,0.004520886146583323,0.0028910601930692793,51.53754578312274
36,0.00448946338832738,0.006066324580460785,51.34388050661608
37,0.004251405831580834,0.0027842577314004303,51.503312810022535
38,0.0046152952628551415,0.002915205731987953,51.71350590249608
39,0.0037231005395135593,0.0030480234860442573,51.36781363493558
40,0.0039274269230271915,0.004600618472322821,50.05067530377073
41,0.0037781387719666906,0.0036101706465706228,51.510936940373725
42,0.003957779240669994,0.006846034601330757,51.47377669935324
43,0.004170332776237334,0.0026495800400152796,51.49170184139602
44,0.004853633452278317,0.007212574318982661,52.05834931094889
45,0.00373026031809444,0.0031569756916724145,51.13969582035677
46,0.004577996349884285,0.007352728829719126,47.48498799649577
47,0.003883512287820225,0.004608704836573452,49.781458565507755
48,0.004197695255360226,0.0031235382612794637,51.50627016426595
49,0.0037159204695115587,0.005649633780121801,48.96252452743653
50,0.004336744009477948,0.005600026291795075,48.80727212445415
51,0.0035670888935801304,0.005222596563398838,49.40610661815474
52,0.0040396288449940565,0.002708162711933256,51.61856600340734
53,0.004070784152015159,0.003430282271001488,51.8126321567045
54,0.0036403923260859483,0.005643803500570357,51.82755356529443
55,0.003511493444664053,0.004012139998376368,50.570064141547775
56,0.004399126885737766,0.005692674340680243,52.03503603102116
57,0.0045682096016468774,0.0038720320421271027,51.65080539756881
58,0.003914201764982324,0.002437847397523001,51.79048135093833
59,0.004120687376085373,0.003642220350448042,50.090928968467814
60,0.0036810883467827955,0.003211974403820932,51.65787490014953
61,0.003916142576104399,0.0058870358858257536,48.38327722606428
62,0.003841146517551901,0.0029257271438837052,51.357967516971314
63,0.003804437358261981,0.008602337632328282,51.083526277607604
64,0.004093071597681322,0.008215404739603393,46.46235946939475
65,0.004168469885578567,0.00660675851162523,52.31024876361331
66,0.0043110580801373624,0.002168835996417329,51.759535785161816
67,0.0036793429589493773,0.0042909628455527135,50.00208424952867
68,0.0035613593120948587,0.0031927212770096946,51.246947341769975
69,0.003635480648107218,0.003137810982298106,51.14587415161132
70,0.0040861707077578325,0.0028922008164226996,51.647462031034856
71,0.003834234627821289,0.0041618772293441,50.82231714562953
72,0.003794181405850176,0.002130506214452909,51.87885823257273
73,0.0037457886527149506,0.0031596792349591852,51.441603425066106
74,0.003829379016498915,0.0036040802695788444,51.65093181842041
75,0.003752582573094451,0.0040260916762054,50.76129703804324
76,0.003634845800778487,0.004068303417880086,50.85055714940735
77,0.0033141063430604726,0.0033261792175471785,51.34715380108876
78,0.0036808304012623974,0.004708270549308508,50.34738782600835
79,0.003251498849488482,0.004661384979262946,49.96289523174668
80,0.003941806134972999,0.004392498966772108,51.93099653821261
81,0.003623297000891705,0.006198801281861961,51.27282596240457
82,0.0040170328220753655,0.00410067483317107,50.50881947232763
83,0.003284034056423029,0.002657124376855791,51.909181335047954
84,0.00368401303248812,0.0021788443019613627,51.62467723062984
85,0.0037263103937707175,0.003024862720631063,51.883535739947995
86,0.003628488101576925,0.004456202094443143,52.18527195821062
87,0.004075969111792151,0.0035574401542544363,52.38190828781789
88,0.003537493849825575,0.004096278375945987,50.55932216219242
89,0.0035206215974233936,0.003312972642015666,50.95784671128387
90,0.003279216883768614,0.0026411035377532244,52.16317025390627
91,0.003411303033146288,0.0031314914068207144,52.23131303276403
92,0.0032558436090550807,0.002189023891696705,52.400982346374064
93,0.003964257721632421,0.005797032490372655,48.96180806205894
94,0.003923129207641349,0.0025552613963373007,52.198553896637485
95,0.003761517148209033,0.002621101839467882,51.20978989481659
96,0.0038878778770847205,0.0056003611814230666,52.08051203587857
97,0.003716428235684992,0.0028382518421858553,51.27743797292993
98,0.004028866027186785,0.009592343149706724,52.156592732810516
99,0.00398619481077703,0.004712468800134955,51.473783682312636
100,0.003671336621403383,0.0030066406587138774,51.255979604618
101,0.0032641253549960613,0.003942437602672727,50.51297901195244
102,0.0038715978772586924,0.0027190745435655105,51.41842506934426
103,0.0036490142370209947,0.0023272062011528765,51.860048125423
104,0.003347101899112879,0.003772899035830051,51.24695158939407
105,0.0036871279362188005,0.004621838796883821,50.16237646580098
106,0.0032029864490654607,0.003173612996470183,52.32036916200494
107,0.004082819936211491,0.002220596482511611,51.79425757728006
108,0.003976948341437721,0.006108144908212123,50.83812000082099
109,0.0038000045316570466,0.004704796602018181,51.8403396389469
110,0.0035578771341605894,0.0030862454534508294,51.480201384895665
111,0.003733133199269708,0.002986355025786907,51.97277335125359
112,0.0035093616527657368,0.0029784382623620326,52.32509074943327
113,0.0036684657054570605,0.0048923553340137005,51.622753179406025
114,0.0034322973120598,0.005756416125223038,48.83520624708325
115,0.003099979228791919,0.002676560957916081,51.645087037429256
116,0.003314969609065055,0.0025243655114900333,52.23224109276323
117,0.003799949099809984,0.002556644300930203,51.86512474060988
118,0.0037099356785541093,0.0029817869397811593,51.87124967090312
119,0.003589183852562939,0.002929977730382235,52.062620344740864
120,0.0032176062612250295,0.00287155399331823,51.65396380889703
121,0.0035098137562785594,0.0025409841316286473,51.965782018066356
122,0.003428447125122265,0.004845967297442256,51.96742450230223
123,0.0036403963329053783,0.0026927253301255406,51.782456506027614
124,0.0031898419434979275,0.003520287156570703,51.338525372202
125,0.0033325109867687985,0.0029798266477882866,51.62635256209988
126,0.003750761228874049,0.0055164944101125,52.197876857054545
127,0.003235298961557744,0.002479001155588776,52.65234771258534
128,0.003395422770685544,0.0027478476916439833,52.40633510799181
129,0.0032842230365270437,0.006261898605152964,48.31041523360046
130,0.003763754070923193,0.005668060658499601,48.84799463891527
131,0.003302643843523069,0.0025667121156584456,52.19344935710162
132,0.003489822925282826,0.005307725286111236,49.5770803751142
133,0.0036112161734749995,0.0030530665745027363,52.450396562023435
134,0.0034676190819545177,0.004268789868801834,52.035231844047885
135,0.003288163287429101,0.0021336725889705118,52.47271346562524
136,0.0032059871340931237,0.0036690384126268328,52.33632846463295
137,0.003609074771837654,0.006912098815664649,48.032933002922306
138,0.0033011451507065593,0.003801171120721847,51.57582739008321
139,0.0035657691305369544,0.005833752430044114,49.20967211541805
140,0.0033001040067007345,0.002748599424958229,51.87725122078422
141,0.003244615466527567,0.003083589072339237,52.73269420577487
142,0.002968342614297913,0.00314510194119066,52.45061374721952
143,0.0036284082412424657,0.0053138133417814995,52.41938025662135
144,0.0031101673076132136,0.0027396805374883117,51.74451381348385
145,0.003024462187757237,0.0058041754364967345,49.04145593956565
146,0.0031474089116840117,0.0025560976623091834,52.27238347689126
147,0.003229928983255557,0.002506504615303128,52.38856738965186
148,0.003130177550287549,0.002249679181259126,51.948248239032075
149,0.003405744670648219,0.00411395560251549,51.13690431108388
150,0.003302761663032676,0.0051521170418709515,52.48664989217559
151,0.0029168183889959273,0.002137431406881662,52.22725285766112
152,0.003436128723280652,0.0026000953814946126,52.31338334912968
153,0.0031498882502875294,0.003065061247907579,51.5123684065031
154,0.0034753807139177206,0.004644474610686302,52.59531263216451
155,0.0038218850723472377,0.0037718069134280085,52.84977525664569
156,0.003326195238865821,0.0035105884354561566,51.55034044931667
157,0.0033068269108523537,0.004120040538255124,50.57162448515355
158,0.0031772505086823596,0.003633593476843089,51.2431037794236
159,0.0032735426485478547,0.0029300827067345386,51.96965525764212
160,0.0032978170109903542,0.003560427720658481,51.71351046967081
161,0.0028713426756151574,0.0029270976991392673,53.02622817955079
162,0.003339739138027653,0.0022828719520475715,52.73785113581103
163,0.0032537731106881754,0.003379897337872535,52.93606485382268
164,0.00318935114658659,0.0027282433374784883,52.55375684092622
165,0.0030987689252550917,0.004190995409153403,52.28025211859341
166,0.003478515410846524,0.0023699127603322282,52.58710096630036
167,0.0035564155585252424,0.0027562184911221264,52.17285148381594
168,0.003280972838885898,0.004885985921137036,49.857206085905005
169,0.0029410292411172338,0.003551331807393581,52.8059113623958
170,0.0029522270779125405,0.0031709598749876024,51.612645630059504
171,0.003066506380869978,0.0031623885477893056,52.27214008790631
172,0.003385945537939005,0.003008031081408262,52.66414716846293
173,0.003018591904524012,0.0038989400956779717,52.33167279771535
174,0.003539196875448901,0.0040038699330762016,52.94049746440231
175,0.002804753244658563,0.0022561619605403404,52.86450819035177
176,0.0033770419465894304,0.001926446424331516,53.05433988409286
177,0.0031408218457709323,0.004510517250746488,50.452929170206026
178,0.002744658169795365,0.002371978411683813,53.075587343786026
179,0.0029864541573639,0.004009516763035208,51.340114548849925
180,0.0033189191743454864,0.002213693737285212,52.846956689682976
181,0.0036833794585240122,0.003907110849395395,52.80848523545371
182,0.0029271183780966194,0.002244323259219528,52.80977717113299
183,0.0029882663033330963,0.003410951446276158,52.71872155768785
184,0.0036138223828793966,0.003514367358293384,51.539976956148145
185,0.0031063460876316865,0.002149126173462719,52.58543352171998
186,0.002895127663487974,0.0025781101698521525,52.53358052949332
187,0.002906376026261893,0.002765709314262494,52.76458349713137
188,0.0028771956593586618,0.0032778000296093523,51.94356444036738
189,0.0032060460990299424,0.0028493573842570184,52.22557045643446
190,0.0029561657903457764,0.0026034682802855967,53.355978233024196
191,0.002953364872857745,0.002509402647847311,52.77293875592126
192,0.002962898001671853,0.005051066149026154,52.600950090458724
193,0.002882999097720931,0.003747468488290906,52.824202922230405
194,0.0028975671065030713,0.0029922494548372926,53.28705165219816
195,0.002875115291047196,0.0027743997564539315,53.03600675416467
196,0.002996268845566705,0.002403455645544455,52.54644076263117
197,0.0031514588376336584,0.004977465416304767,50.26150294763385
198,0.0030761460665876205,0.004140715964604167,50.98867722964621
199,0.0031264346080836806,0.004111081145238132,51.31940290612463
200,0.003396108183470361,0.0021492628834675997,53.26902752737049
201,0.0021547924385447574,0.00198933511856012,52.572142470757726
202,0.0019496252073325443,0.002168127929326147,53.30000618975087
203,0.001986853723036178,0.00282963054254651,52.56731302120821
204,0.0023019928369892428,0.0023176467674784367,52.82253459152239
205,0.0022864820689797467,0.0030137073807418348,52.53409836528445
206,0.0020019690515381285,0.001909959897166118,53.41380245887346
207,0.002241868597206356,0.0035180190252140165,51.99829469579394
208,0.0022526748053669607,0.002036217650165781,53.159644137523344
209,0.0019362563710247102,0.0020745605789124987,53.50064363577565
210,0.0021430319909923833,0.0021337008185219,53.32765334191914
211,0.002002781310342346,0.001835063083563,53.6389493899608
212,0.002030790382206651,0.00253288411651738,52.91362518000386
213,0.002108028296284413,0.00277076963102445,53.13525153579827
214,0.0020243508104721333,0.0018554468639194964,53.31241533781778
215,0.0020048876744256997,0.0022678394371177996,53.06140333449267
216,0.0019033229605831888,0.002322679947828874,53.25319160678321
217,0.0021965088251295786,0.0031195823219604796,52.23136212899095
218,0.0022898060612560308,0.0023902654938865466,52.717410699259744
219,0.0020432242392308744,0.0027629051194526257,52.65774676576732
220,0.002165303555188128,0.002098853643983603,53.35661500826564
221,0.002203433851061368,0.002141345354029909,53.277408923485766
222,0.0021407199633944004,0.002843626299872995,53.118835106225646
223,0.0020174426980441125,0.0022120825981255614,53.54829956689163
224,0.0019196652061545688,0.0021947839076165102,53.90612035508401
225,0.002019638287988124,0.001953975908691064,53.133425736558394
226,0.0020419894976974797,0.00196432570228353,52.72414055636181
227,0.002052231061002607,0.002261202874360606,53.30201556994069
228,0.0019814124886156294,0.0021761381567921485,53.13124575849441
229,0.0022276328876038253,0.00196356332511641,53.55652621744181
230,0.0020002491807041803,0.0024515841586980973,53.29584643784963
231,0.002226889828199262,0.002969793505035341,52.14500794410221
232,0.002242780415892214,0.0021274132025428123,53.04237872004999
233,0.002016282802341636,0.0023593516869004822,53.51932231774134
234,0.0021576770768030598,0.0023332552984356874,52.660223762246495
235,0.0020884869500330783,0.0019058344827499244,53.5666935450838
236,0.0021224322616143405,0.002526607557665558,53.03254873647816
237,0.0020710903045255695,0.002126196009339765,53.29679595466181
238,0.0020710174187367762,0.0017819088080432265,53.79510712785158
239,0.002110332012577629,0.001774588692933321,52.94904167506785
240,0.0022356228068434085,0.002109874999150633,53.792220560061196
241,0.002136238364964993,0.0024349220504518575,53.035128213438
242,0.00212985743269426,0.0027078666538000095,52.774678643001415
243,0.0022644774799839167,0.002064071457134561,53.3592775573619
244,0.0021696155161785853,0.00196396280429326,53.19455070447414
245,0.002147458831717419,0.0037762080249376597,52.98285782106118
246,0.002085952272080808,0.001967172909062356,53.661017805001464
247,0.002211038339629511,0.0022913665510714072,53.27100993260862
248,0.0019247352300064248,0.0018823792866896837,53.881258220144574
249,0.002277188883958346,0.00163639337872155,53.824042256284436
250,0.0019989725802264328,0.002345425287494436,53.74768978627708
251,0.00234566105755581,0.0021854725817684086,53.431098813443256
252,0.002152996121889606,0.0017654720938298852,54.023863180764
253,0.002058684081300207,0.0022237419988960037,53.37457592366741
254,0.0022894510314085204,0.0023807899514213214,53.207906673118345
255,0.0020988389707313373,0.002070761795621365,53.278200887239365
256,0.0020364168027155417,0.002605401562759653,53.288824297308246
257,0.002027688596955508,0.0021879765589255837,53.5360939964697
258,0.0020068401071971463,0.002037355588981883,53.59391383152533
259,0.0020382769955068574,0.0022709265362937,53.343119446198216
260,0.002249429514458736,0.002032275904202834,53.366638272299475
261,0.0020739888281925663,0.0021797124762088058,53.500983283135426
262,0.002125692148093539,0.0020432523509953168,53.117489809924884
263,0.0021719262129246803,0.002070135237881913,53.338247346429036
264,0.002164601722944269,0.0017609455715864896,53.6212450386195
265,0.0020294025718144587,0.002841122436802834,53.18029796290642
266,0.0020333175059859755,0.0017923764570150524,53.63021824302899
267,0.00219518553706504,0.002438177133444696,53.530697022479025
268,0.002209738015927984,0.0026884682127274575,53.17278764541253
269,0.0018704249236864117,0.002622392261400819,53.43130435965418
270,0.002082471130646322,0.002101572380634023,53.736048804751974
271,0.00205458776240403,0.002440116503275931,53.09662228196882
272,0.002104556980706514,0.0017779283155687153,53.56970282278552
273,0.00220687415578753,0.004038110000547023,53.847134322165154
274,0.0024277512880277363,0.0018809625855647028,53.79397291359964
275,0.002069878812198121,0.001681785347755067,53.56037713982483
276,0.0019376408697756031,0.0020511017926037323,53.27546665252288
277,0.0018997927758805822,0.0015178087318781764,53.7054949829181
278,0.0019514920189400336,0.0018488329846877605,53.30239877476526
279,0.0020154846502504872,0.002297865732107311,53.654403382603405
280,0.001922236248046289,0.002342556262155994,53.32036954015691
281,0.0019462819471678654,0.001985220699571073,53.70713150519099
282,0.002058209360365082,0.0019412107975222167,53.24707334589581
283,0.002170139103597673,0.0020072581036947664,53.46799134355837
284,0.002090566754709962,0.0023245930473785835,52.97322966925796
285,0.001999262925658125,0.0017942215851508082,53.481020650602865
286,0.002133915301972519,0.003188879624940455,53.73305815678083
287,0.0019315387278514016,0.0020926805329509086,53.75774004862471
288,0.002291192525812185,0.0019415088568348435,53.71474535083695
289,0.0021061838300792633,0.002415242320857943,53.4635276118173
290,0.0018963540609151417,0.002204351394902914,53.63651298245286
291,0.0019121810008361384,0.0022763097449205803,53.77731631547664
292,0.0019721205518892187,0.0017021355906035752,53.854243155935634
293,0.0018674066168657218,0.0021388430567458273,53.7936223850532
294,0.001984486524949293,0.0018915092933457344,53.437290208661054
295,0.0020103239109117246,0.002394894657190891,53.68966097131069
296,0.0018615234680104964,0.00219378245761618,52.97033753183971
297,0.002006605505254023,0.0017717952467501163,53.545270159568524
298,0.0021073609909808065,0.0018609623506199568,53.51797481882296
299,0.001862401332899854,0.0019221701170317829,53.58022967965664
300,0.0019884984320753456,0.0021134529903065404,53.51612647801493
301,0.002088219632070727,0.0022211498487740757,53.40450156992405
302,0.001908773285196172,0.0034433243703097106,53.45710650129766
303,0.0022585693931801835,0.0023459597176406534,53.14232355733079
304,0.0022060069892933533,0.0020928525261115286,53.78918446667073
305,0.002165523365181457,0.0034395085857249798,52.29286322854828
306,0.002220090804852103,0.001595352751319297,53.751578344315924
307,0.001997868715160718,0.0027320722816512,53.49216774553179
308,0.0020232929981839243,0.0020506074687000365,54.15003255704055
309,0.0019314155137595157,0.002261552894487978,53.61267501587561
310,0.0019159164780515735,0.0017843758850358427,53.760989086977524
311,0.0018719944844741633,0.0018663072993513198,53.57591451776215
312,0.0018918556205889136,0.001628779930761084,54.104711665004125
313,0.0022761397257373465,0.001741377942962572,53.49396342283272
314,0.002087612517378615,0.0028287706081755472,53.03447883570158
315,0.0019497900024416073,0.0020945816778112224,53.61781435374328
316,0.002024373441005568,0.002075965141411871,53.78201502235489
317,0.002281341138111409,0.002201234627282246,53.67529401684494
318,0.0019449646566535737,0.00197204105439596,53.450496409201016
319,0.0022294080346801997,0.0027155841770581893,53.50983357181986
320,0.0020887724044363902,0.002356774603249504,53.02591137534544
321,0.00196300871442026,0.0019143556233029812,53.42931760481692
322,0.0019463274208944088,0.0020066380884964014,53.769769001256684
323,0.002236991211608293,0.0020098523586057123,53.89173063440971
324,0.002003775134833652,0.0032571021816693245,53.915537857041855
325,0.0021246171119567556,0.002745410781353712,54.06579366009929
326,0.0021882120861054055,0.001683283344609663,53.86993794896816
327,0.001971990799376888,0.0021150011592544616,54.105690432062936
328,0.0017910313107866315,0.0015347372274845837,53.918801870009545
329,0.0020086451828085564,0.0018836307409219443,53.911578259571286
330,0.0018810129480662358,0.002248351573944091,53.862797319141336
331,0.001974495345787698,0.002211527528706939,53.61211277521871
332,0.0020107658550265425,0.0017210262815933674,53.75049426556237
333,0.0020620891237101207,0.0022389641357585784,53.83752513205589
334,0.0018609672433830392,0.0016797713655978441,53.692396381515124
335,0.0019067195120226076,0.0019174332229886205,53.8009615978115
336,0.001993025504087217,0.0021245672169607124,53.36848207983127
337,0.002231217531768586,0.0020411228924058387,53.96161727525572
338,0.002025932905213482,0.001971198202809318,53.381190162938054
339,0.0018588902927545537,0.0017480415373574943,53.88829931021073
340,0.0019074244681736546,0.002433265366125854,53.60496755979606
341,0.0019404255277315824,0.002095398161327466,53.73169668053544
342,0.0019222825822088467,0.0022242637327872217,54.12072042086282
343,0.0019007824112933203,0.002867370650637895,53.04043033877058
344,0.002020377094343322,0.003006753763183951,52.96338366256927
345,0.0021218299172129384,0.0021216103108599796,53.42033078130846
346,0.0021452983477646195,0.0015836397040402516,53.776179816285804
347,0.0020561630369076473,0.001711717721191235,53.52159228008769
348,0.0019655067941616493,0.0026857125596143304,53.01395933616401
349,0.0020143344181723496,0.0019883026194293034,53.96457033127597
350,0.0019821679269454644,0.002139905679505317,53.696717784830824
351,0.0020421770381704334,0.002567221119534223,53.385638743620554
352,0.0019085348442849238,0.001687310595298186,53.79195111475757
353,0.0018375863881302204,0.0016870127897709608,54.072615244790406
354,0.0020648850658839327,0.00244199463748373,54.07927654259253
355,0.002043963218624194,0.0023121664498467,53.95672938078296
356,0.0019860737252517103,0.0016679725737776608,54.3209577769357
357,0.0018132391885974178,0.001718774236505851,54.0359343915942
358,0.002062691064692093,0.003174196167383343,52.67027549624393
359,0.002148599761952003,0.002162461400730536,53.46037288359304
360,0.0019656434079740504,0.0022428763739299044,53.55222756472644
361,0.0018667103008062828,0.001836795430863276,53.854072139167826
362,0.0019049213897773425,0.001540140145807527,53.627584457029094
363,0.0020290712973202053,0.002328737712232396,53.36344002991753
364,0.002023280429795599,0.002021296489983797,54.026704055792244
365,0.00200632517802354,0.001951363231055439,53.96823024047532
366,0.0019718186689499265,0.002902908995747566,52.98263158913467
367,0.0020405502072397145,0.0019692069734446706,53.96607335542572
368,0.001946587468230048,0.0019621526205446578,54.02489030618199
369,0.001891693618583106,0.002475280272774397,53.65380126793105
370,0.0019265720231739787,0.0022534358315169797,53.66405011900117
371,0.002013636584679533,0.0016209766070824116,53.89049684154933
372,0.0018031985957422158,0.0021769837348256257,53.80565841559296
373,0.0019653177555618196,0.0018195805617142468,54.09117017936133
374,0.0018432280597666577,0.002182499659247696,54.116608161509646
375,0.0019219037065268633,0.0023936402169056226,52.94008651595378
376,0.0020856187460738885,0.002803399965632707,53.16581196827852
377,0.0019563125909794823,0.0025572758261114335,53.34981097156024
378,0.0019910671364396122,0.0017440613481448963,54.07239558452327
379,0.0019730913553947112,0.0019671301054768253,53.6553934848245
380,0.0021039327352404542,0.0026744944509118807,53.196132631469375
381,0.0021356402254907765,0.003186455103568733,52.78761484665578
382,0.001977287781526251,0.0019729915366042397,53.654983864333616
383,0.0018441134981354607,0.0014926177228335286,54.06379628117699
384,0.0020006529050060817,0.0021196790016256278,53.60537599432959
385,0.0020137039639371544,0.002083927990170196,53.712932321983914
386,0.0019028443306578447,0.0023676309268921615,53.75256713667835
387,0.002147739515253711,0.0019067254615947604,53.87713790025518
388,0.0021564956207812697,0.0018822333228308708,54.08331519958994
389,0.0020369845171606536,0.00427883563330397,51.19722241447192
390,0.002021284480025936,0.002467530765570701,53.685224641084915
391,0.0022424913920913946,0.0022866282030008737,53.56769003268311
392,0.0019397606314182983,0.0028748597367666663,54.0665075303074
393,0.0019955216674422296,0.0035515809850767254,53.818859555724956
394,0.0019201125409615476,0.0016879248118493707,54.09096453124006
395,0.0019445333871610084,0.0020613123557995995,53.852318099415754
396,0.001941928240622735,0.002458194317296147,53.22279702359652
397,0.002142364784526537,0.0019118338543921709,53.62348509268232
398,0.0017766370403460494,0.002264244286343455,53.65121655918256
399,0.0019527059179525563,0.0018676647543907166,54.02655632878532
400,0.0021700030088996395,0.001966975372051819,53.928407728899266
401,0.0014610414359819991,0.0017745870538055898,54.086624117191874
402,0.0015780377499401877,0.0019350082846358418,53.765366757948556
403,0.0014879904699795373,0.0015015313093317672,54.266427953556786
404,0.0014351727154237306,0.0015488970634760335,54.048550540292474
405,0.0015551144290902187,0.0018275497586000711,53.71748501946844
406,0.001561555761750557,0.002047989891143515,53.756645188618
407,0.0015804970266394271,0.0015850624651648105,53.93598070172633
408,0.0015463641479307104,0.0016313146392349155,53.99237127476331
409,0.0016655350884302786,0.0017929746117442847,54.04106582084348
410,0.0015868487762688377,0.001494498937390745,54.11108242362018
411,0.0015188059598117568,0.0016231375292409212,54.05520930827353
412,0.001545240818741869,0.0018541792000178249,53.846413539567294
413,0.001512833166404138,0.0014491148368688306,54.24954874374983
414,0.0014335035757359928,0.0017570093821268529,54.10404805408845
415,0.0014795746053753434,0.001557152472669259,53.82092403012595
416,0.0015641176019331883,0.0017843281989917159,54.00214681327942
417,0.0015188326120046934,0.0017431990732438862,54.249768480661345
418,0.0015584935520897795,0.0015034604293759912,53.96091878802632
419,0.001545133403419415,0.0016409682540688665,54.294490609982674
420,0.0015020848204045192,0.0016578572639264172,53.86886302232869
421,0.0014554564429027498,0.001596335715148598,54.31218335417062
422,0.0014912496632977048,0.0014521715766750275,54.398032571802304
423,0.0015050378967523764,0.0016756680025719103,54.43522447651187
424,0.0014753046698838305,0.00165428482927382,54.13354204304482
425,0.0015931582461009817,0.0015789713262347503,54.070210500391106
426,0.001450684040872436,0.00187695452128537,54.194693178728755
427,0.0015868833206425703,0.0019537190801929677,54.35213481103668
428,0.0016341179258900105,0.0020693224121350806,54.20182812207957
429,0.001607109909954407,0.0019963405083399284,53.60986765988296
430,0.0014823878732611337,0.0018592831096611918,53.81511512195162
431,0.0014955470547953734,0.0015295183891430495,53.95798990632034
432,0.0015950335564592036,0.0015226043516304347,54.43140801504542
433,0.0014993972682433277,0.0015174091514199971,53.76644439972753
434,0.0014900378894411254,0.0018648652615956961,54.174040624330615
435,0.0014990064192166792,0.0015111096168402582,54.24660084805373
436,0.0014991781947786215,0.0016828851657919586,54.248732029298914
437,0.0014698390025094544,0.0014809035666985438,54.163649398274
438,0.0015097589440653013,0.0016959784959908574,53.8911646957345
439,0.0015105609795007166,0.001771792258368805,54.40713370029811
440,0.0014445447517987709,0.0015410637547029183,54.183850246349586
441,0.0014781203494974328,0.0017094758216990157,53.875840762660836
442,0.0016167363565989152,0.0017502702551428228,53.88825746441475
443,0.0015004717155318189,0.001629010554170236,54.05096231400446
444,0.001493091271132102,0.0015689981286413968,54.0022736995182
445,0.0014268054004751675,0.0016661954578012228,54.270327045647875
446,0.0014982351208841064,0.0016496261360589414,54.10140718634054
447,0.0015563090870129228,0.0017908071482088416,54.2502136558636
448,0.001539175646030344,0.0016115288028959185,54.233942648644344
449,0.001436847236582613,0.0017480853851884603,54.116815591933054
450,0.0014475510404664228,0.0019592669361736623,53.74364714320045
451,0.0014761392055090883,0.0016585957549978048,54.16628952293712
452,0.001510977376359607,0.0014771115564508363,54.11077627326914
453,0.0014792688063859922,0.0017892891285009682,53.877540192259104
454,0.0015251396509466026,0.0017689621401950717,53.823131559537906
455,0.0015263680831441595,0.001746540922904387,53.8890610291473
456,0.0016417958238277362,0.0015947370883077382,53.938991810421754
457,0.0014765853450419192,0.0013779412623262028,54.11536891308746
458,0.0015393600212456197,0.002226520979311318,54.40670992451402
459,0.0016256923204354737,0.0018010627722833306,54.34517776951439
460,0.001481811928771446,0.0015821315988432615,54.101043880068836
461,0.0014069551804580136,0.001620639854809269,54.020440966602195
462,0.0015008739281634773,0.0016245663340669126,54.25418247034057
463,0.0014797827140439657,0.0014842000202042983,53.94780876709547
464,0.0014565617712283742,0.0016587172669824213,54.08420423441023
465,0.0014043469146230612,0.0014942368445917964,53.88721565756679
466,0.00149673378264467,0.0014494694536551838,54.43337571494519
467,0.0015188194845922956,0.0018046623235568405,53.93217561931574
468,0.001543184015744292,0.0016783190274145454,54.479786961926365
469,0.0015704523422467144,0.001903645908460021,53.70033913328706
470,0.0015557407713287727,0.001815991235198453,54.313145173940676
471,0.0015228435948680128,0.0017615627229679376,54.33452096254711
472,0.0015597779060008545,0.0017643766547553242,54.099543292458904
473,0.0015836610688740333,0.0016419828671496361,54.121456838572755
474,0.0015898902801391068,0.0016978392528835685,53.817209009961765
475,0.0014898797508967705,0.001767489380436018,54.35049517404113
476,0.0015811008550480267,0.0017052855039946734,53.88527743722599
477,0.0015141114600908737,0.0016940645256545395,54.193370655663045
478,0.0014668895210609722,0.0016339273331686854,54.47135165307662
479,0.0014963944828412083,0.0018138811388053,54.27445757939897
480,0.0016378529930584096,0.0018026313686277718,54.14221467334229
481,0.0014711403726521742,0.0015705715271178632,54.29511844788872
482,0.0015380375848283144,0.0019239775941241532,53.99981263701183
483,0.0014983869289131005,0.0014912814367562532,54.2304731823855
484,0.0015067280966634083,0.0015029605512972921,53.82798935718185
485,0.0015362364733891361,0.0018316431751009077,54.14521477674786
486,0.0014923907577816286,0.0017396561964415013,54.47374445310415
487,0.001443473003962594,0.0016025384311797097,54.108911698057845
488,0.0015592406713346128,0.0017488043138291687,54.06633365730425
489,0.0014568400444776404,0.0015460022643674165,54.322193948856786
490,0.0015505353963673391,0.001561802206560969,54.20821163544598
491,0.001523479796677486,0.0014661939133657142,54.21391061727377
492,0.0015037631096449754,0.0016231200576294214,54.117569808225596
493,0.001473569410039333,0.0019551955501083285,53.8072966322255
494,0.0015420080329715691,0.0016343672992661594,54.558097544960475
495,0.0016491997832579928,0.0016816786804702132,54.04167985005431
496,0.0015319853349379027,0.0019015214045066387,54.35012472075364
497,0.0015134166492181517,0.0015265649650245904,54.06207454814265
498,0.001513894951653363,0.001754970639012754,54.257126422713384
499,0.001468755666017855,0.001922476845793426,53.771287773192306
500,0.0014691512543583602,0.0018294310732744634,54.358073993214504
501,0.001481530170122365,0.0014860333339311179,53.952698386140995
502,0.0014704563270269957,0.001754626544425264,53.569383102955086
503,0.0015935207314277534,0.0014964466454694047,54.22580219493872
504,0.0015336942216692636,0.0016616467479616405,54.16657908708993
505,0.0014121960733307181,0.00169900793582201,54.143399087390726
506,0.0014746144075652046,0.0015398592222481968,53.89633397442156
507,0.0016419377878462745,0.001536594684002921,54.135754766600975
508,0.0014728184820828254,0.0018619799218140543,54.37442000300358
509,0.0014641048971074863,0.0015472776372916996,54.51502398836628
510,0.0015478606697743626,0.0019439174002036455,54.25667303144426
511,0.0014766058133912764,0.001468660673708655,54.27874707308978
512,0.001487013794992368,0.0016382869728840887,54.29147814458873
513,0.0015684626430289188,0.0015179885656107217,54.1948163727663
514,0.0014879000916360123,0.001418008086038753,54.453542597573595
515,0.001471911768525801,0.0017370924563147128,54.41417237454909
516,0.0015562193341135955,0.0015695074840914455,54.222088512027376
517,0.001465483058715415,0.0017323197645600886,54.37076630556829
518,0.0014690812178633844,0.0015127622312866148,54.52830348231072
519,0.001492653322454524,0.0015282474737614393,54.1673768689328
520,0.0014395855141268801,0.0014786834607366474,54.10432943007466
521,0.0015145664461796158,0.0014630338182905689,54.28392500758783
522,0.0014225226574252345,0.00177686347393319,54.845858977054284
523,0.0015236856558505387,0.00148483578057494,54.32842188162354
524,0.0014493248744125462,0.001970285336719826,54.10940158746851
525,0.00144939924723418,0.0014202622219454497,54.12609755231437
526,0.0014683691966854559,0.0018319326837081462,54.60262223720738
527,0.0014731961617702716,0.0016528622468467802,54.41666143574151
528,0.0014023083022399116,0.0014835900603793562,54.480202522270886
529,0.0015265657125607985,0.002226327423704789,54.37692354517688
530,0.0015570567370424655,0.001749315058114007,53.85693816501217
531,0.0014607780069829707,0.0027742293407209215,53.335983763793294
532,0.0016179568994972434,0.0015091823448892684,54.478505550138635
533,0.001446044374929307,0.0013924686500104142,54.30149983264234
534,0.0014058420152776865,0.0014839276490965856,54.59177655882621
535,0.0015410000174813489,0.0014237517031142491,54.691064732800754
536,0.0014732430334892211,0.0014794304210226984,54.24819138194541
537,0.0014197594350166994,0.0015991955006029457,54.25593450732423
538,0.0013954199403628132,0.001361709265038371,54.20111003028676
539,0.0014755511166537085,0.0013547377940267323,54.47356806830542
540,0.0014296001929035974,0.0016218882566317915,54.03778284324253
541,0.0015472644377536708,0.0015621341601945455,54.62081378647194
542,0.0014487657162054245,0.0016295249515678731,53.99595515830382
543,0.0014405348443363947,0.0015320016036275775,54.18133670854883
544,0.0015666345798578756,0.0016580335539765655,54.5552543687605
545,0.0014883355957359106,0.001578852920792997,54.126136551133
546,0.0013425576412418665,0.0013470573810627673,54.278644351427204
547,0.0015306538148116928,0.0018368191237095744,54.67408123135365
548,0.0015623983643236708,0.001946209667949006,54.49219023382063
549,0.001496210075208299,0.001662024748511613,54.36753715028297
550,0.0013889631493902296,0.0018750170653220265,54.13524706472233
551,0.0014896542343914984,0.001502309810603038,54.532983843742116
552,0.0015194830432820074,0.0016647052846383303,54.404614776843175
553,0.0015676748876328492,0.0015627487236633897,54.557256153441614
554,0.0015354833934781156,0.0020387492119334646,54.033328960989344
555,0.0014911851079761054,0.001778186623705551,54.187206492121724
556,0.0014361912669328112,0.0015803541569039225,54.20163975693036
557,0.0014366208452334878,0.001526347168837674,54.70722245419577
558,0.0015019017635063171,0.0016941098449751734,54.31005054752176
559,0.0014547780314621774,0.0016645093052648008,54.47849249486822
560,0.0015031607560225583,0.001808970384299755,54.35265834914483
561,0.0014164225807203686,0.0013958659704076126,53.96053634149266
562,0.0014940639364182727,0.001866174436872825,54.402479219751214
563,0.0014989783835832467,0.0015020288573578003,54.589888327610836
564,0.001487854195759853,0.0015379380213562399,54.43958442562698
565,0.0014534330758840149,0.0014670547848800197,54.84601902529235
566,0.0014132991992743993,0.0017081586306449026,54.780758224918344
567,0.001499579700129568,0.001495317248627544,54.23717960396366
568,0.0015147101274682305,0.0016522399743553252,54.06685521308237
569,0.00144243078412359,0.0015994804061483592,54.509034856495894
570,0.0014322708510116006,0.0016304309247061612,54.23621549258091
571,0.0014147233319673966,0.0014159126655431465,54.52607368023183
572,0.0014535306107441867,0.0023511908203363422,54.44219373696249
573,0.0014909417289228515,0.0016781288711354137,54.20296494791946
574,0.00143348699390063,0.002301224230322988,54.37218736510915
575,0.0015325806632990682,0.0015185852139256897,54.39586958091042
576,0.0015233731521743046,0.0014441013475880026,54.40755354716091
577,0.001661038344482762,0.001775741728488356,54.2562608266824
578,0.0015443663023778766,0.0019845090014860033,54.3510196198963
579,0.0014911456744470131,0.0016950951551552862,54.54404785961762
580,0.0014319841970117887,0.001506746067898348,54.233232827269106
581,0.0014073381751964766,0.0013949808303732423,54.42000175084707
582,0.0014093054752706983,0.0015468822396360335,54.225946454040766
583,0.0015097732232401764,0.001451549298944883,54.32975401197412
584,0.001424031756445996,0.0018757931492291392,54.57467653502339
585,0.0016938797045512918,0.001586703946813941,54.44592275399352
586,0.0014983079938499233,0.0014429431967437267,54.21806949358045
587,0.001497602264574351,0.0021525628247763976,53.92201452540723
588,0.001429871727607564,0.0015769490355160088,54.352951865598506
589,0.0014399890077593136,0.001366197392926551,54.87343882612474
590,0.0014678553501167107,0.0015308274677954615,54.085633356789685
591,0.001444765778822077,0.0017430057318415493,54.49388073464615
592,0.0014003455102337648,0.0015573588223196566,54.494162463429824
593,0.0015322144271801266,0.0019353317318018524,54.49770405174442
594,0.0014878899400182397,0.0019350930640939623,53.62715011483923
595,0.0014265359194642665,0.0018679116654675453,54.165594757189574
596,0.001462952096976507,0.0017035513382870704,54.318351446130336
597,0.0014452947861812373,0.0015579269384033978,54.66588311452265
598,0.0014465616649710616,0.0015271503292024135,54.376469309866316
599,0.0014473587680276072,0.001840734570287168,54.27167007992468
600,0.0014578398378476015,0.0018276157102081925,53.95211388737248
601,0.0011942352268828726,0.0013817693997407333,54.37081673716195
602,0.0011984949537736163,0.0013774429872864854,54.52550694622163
603,0.0012104063255062314,0.0013583213038509709,54.91214524411109
604,0.001260389191199943,0.0015325600031064824,54.30707212537208
605,0.0012880314004925623,0.0014099819399416452,54.43735241984712
606,0.0012455638705540708,0.0013331202359404416,54.67032817307757
607,0.0012078089921938092,0.001385900739696808,54.56651232263296
608,0.0012301709011628176,0.0013923615508247167,54.853266022775905
609,0.0012264047679606605,0.0013986629812279717,55.02941186114354
610,0.0012153400852238892,0.0013727049145381893,54.88015421586001
611,0.0012185722527539098,0.0013320911570917815,54.64207741251338
612,0.0012526173544540479,0.0013787643268005929,54.36636852836759
613,0.001243011639245998,0.0014787332026753575,54.1880810169198
614,0.0012404658934816093,0.0014254467014688998,54.38718842995198
615,0.0012404990964857304,0.0014182136324234307,54.563313948583925
616,0.0011912607776616592,0.0013837733893888066,54.7781802178445
617,0.0012660931385500309,0.0015086156176403165,54.46418995616626
618,0.0012789702568535163,0.0015304113802267238,54.68504510670803
619,0.0012426267946853613,0.0014007604209473356,54.728476526415015
620,0.0012609354590035792,0.001337035133037716,54.46077880780574
621,0.0012234889721788366,0.0013850575865944853,54.24054886162409
622,0.0012243088981134375,0.0014055309462128204,54.552861953749904
623,0.0012119593119506943,0.00142040649545379,54.55657264218066
624,0.0012193122435773796,0.0015503873117268085,54.64408218183742
625,0.0012835166372397993,0.0014186715707182878,54.60437874004917
626,0.001219240894816622,0.0014730199030600487,54.4796931018824
627,0.0012757501636670966,0.0015862503583775832,54.533329128066626
628,0.001239985497299544,0.0016037318762391808,54.29898866581263
629,0.0012071316369917553,0.001448339596390724,54.53784069240168
630,0.0012266792221246106,0.0013256099552381789,54.45141958827909
631,0.00129740917954322,0.0014470431115478277,54.642740914521355
632,0.0012228729524349981,0.001462546942057088,54.58005861216544
633,0.0012509357469446855,0.0014882120286347344,54.46207017144357
634,0.0012260502913740876,0.001601459145313129,55.04825288619116
635,0.0012540228121411424,0.001426643778104335,54.678175375856966
636,0.0012453958377159093,0.0013430309441173447,54.83454085483745
637,0.0012466901321699468,0.0014892971806693821,54.582356957145436
638,0.0012444527731864886,0.0013692488806555045,54.72871474913073
639,0.001230711879561389,0.0014059914875542744,54.48722161947378
640,0.0012099495421839187,0.0014245597692206507,54.63980205994478
641,0.0012316503070725934,0.001419781101867557,54.49758772744485
642,0.0012462988754015152,0.0013429838413139801,54.90331950230272
643,0.0012013177049696661,0.0014418212271993984,54.350800153270704
644,0.0012623759881030794,0.0013833633268950506,54.770708331435735
645,0.001241954106685941,0.0015128720446955413,54.229155473464246
646,0.0012188116117325225,0.0015029808168765158,54.59919048203551
647,0.0012172057355597332,0.0013465754891512915,54.81190110501063
648,0.0012844016910634364,0.00140014634875115,54.5095207209758
649,0.001228173072467152,0.001413239945541136,54.72005114464518
650,0.0012588913320208735,0.0013557818706613032,54.49270911564891
651,0.001219736785330524,0.0012932185543468215,54.79277322638319
652,0.0012746086002080846,0.0013227083184756338,54.463250834120984
653,0.001202521378452208,0.0014681902492884543,54.37751825855692
654,0.0012548113650109824,0.0014840312796877697,54.64150683699952
655,0.0012273742151123917,0.0013978294940898196,54.60744674840105
656,0.0012427481524715446,0.0013262580573791638,54.91687604671166
657,0.0012948929499615783,0.001451482092379592,54.79180454542461
658,0.0012268827221584566,0.0013914715120336043,54.64466243524085
659,0.001256560619475577,0.0014238631766056642,54.787727485285316
660,0.0011980589817792155,0.0013915073522366584,54.70595797080521
661,0.001250475038639453,0.0014052641123998904,54.52222277245294
662,0.0011920256591759308,0.001395244652521796,54.718699634917726
663,0.0012340968475322062,0.0013531931175384674,54.72457734064594
664,0.0012610674608674,0.0014905680174706504,54.83587956522888
665,0.0012695090090256596,0.0013658246747218071,54.86576947694217
666,0.0012061052883936012,0.0014303529000608253,54.665557178447735
667,0.0012031186963915644,0.0014061794109875335,54.956772178829354
668,0.0012447669326113337,0.0013626729435054585,54.85016506474647
669,0.001278735541520722,0.0014582194277318195,54.69280921144098
670,0.0012443212019729115,0.0014983712742105129,54.559933894098904
671,0.001250482929379466,0.0013444430899107822,54.623157537692606
672,0.0012582308126643472,0.0013632202491862698,54.55103749949339
673,0.0012117253962528468,0.001384011954069138,54.743127378563734
674,0.0012226855524384533,0.0013661192869767547,54.3927165561827
675,0.0011988157054321775,0.0013733396871248255,54.3092810893695
676,0.001263792314485989,0.0013547632942209021,54.51460793131507
677,0.0012800578007216349,0.001355834794230759,54.68902681547699
678,0.0011910410044083165,0.0013753287156578154,54.47380647517203
679,0.0012348459611098176,0.0013255963718984281,54.58308890095823
680,0.0012597607219324305,0.0013692899607121944,54.74813225380523
681,0.001268533602936681,0.0014238531596492976,54.47714760084692
682,0.0012534795469307065,0.0013902729569235817,54.96162520900342
683,0.0012140908502710813,0.0014209554594708605,54.69235033116283
684,0.0012510197630756083,0.0015101740945829079,54.78711273861234
685,0.001288520705040157,0.0014263024227693676,54.87545149093261
686,0.0012743131823533475,0.0013010827341349797,54.45673395880831
687,0.0012112881624921333,0.0013566739298403263,55.04585165965529
688,0.0012348767660735737,0.0015622747351881116,54.44292019346163
689,0.0011817236747339102,0.0014306833560112867,54.414911520390504
690,0.0011967327663303803,0.0013786741998046636,54.706955439299634
691,0.0012577872001220216,0.0014294266561046243,54.862935783620706
692,0.0012367144179482026,0.001401264716405421,54.68881664519311
693,0.001191696313458799,0.0013783576764399186,55.023078062849066
694,0.001231142341494699,0.0014442708319984373,54.675960489647835
695,0.0012149914962557682,0.0014784619037527592,54.64956461456746
696,0.0012620857871819908,0.0015141591773135587,54.58439176866871
697,0.0011932518011037395,0.00136911956302356,54.32490335321094
698,0.0012259094428102772,0.0015005726274102931,54.545412928703506
699,0.0012655549993597912,0.0014378820185083896,54.55221916766111
700,0.0011947828111305643,0.0013565728371031582,54.45103317075148
701,0.0011858636093219875,0.0013890593592077493,54.99102308410432
702,0.001259733765013747,0.0014550057565793394,54.83060514610779
703,0.0012296326967050778,0.0014105725608533248,54.71448004527949
704,0.0012554910629273093,0.0014044968329835685,54.94029648180322
705,0.0012780990175520167,0.0014504874963313346,54.625030156050464
706,0.0011996660303176916,0.0013739057915518058,54.80192238439472
707,0.0012535973662962333,0.0013652228011051192,55.02045327808934
708,0.00121880092154981,0.0013891229312866925,54.60616643512536
709,0.0012341426605633054,0.0014256123942323032,54.461180538705705
710,0.0012833686408040466,0.0013804148422786964,54.892012936188024
711,0.0012187315138128348,0.00142952608584892,54.24089710798576
712,0.0012083622923185398,0.001367504862719215,54.88920229371316
713,0.0011856898093148876,0.0013792879047105089,54.67003810738911
714,0.0012047073147132884,0.0013621816202066838,54.62128868080262
715,0.001204617734563923,0.001442033052444458,54.506136973623114
716,0.0012808994660649632,0.0013912505924236027,54.72979865118364
717,0.001222916557897335,0.001410969581920653,54.819685702564236
718,0.0012409072383744919,0.0014631103229476145,54.427176542456834
719,0.001232726832547473,0.0017398069403134287,54.08216078426462
720,0.0012366081817631169,0.0014858990459470079,54.874065275821046
721,0.0012675422516946525,0.0013953803805634379,54.65234824879378
722,0.0011768288075310724,0.0015899451659061015,54.58605219003081
723,0.0012371077828713228,0.0014467708312440666,54.8775050624416
724,0.0012010167540733396,0.0012977358861826361,54.61156082424574
725,0.0011918731422813625,0.0015124580799601973,54.80064312122865
726,0.0012405853766641391,0.0015573554870206862,54.99073069459047
727,0.0012409594754278093,0.001460721860639751,54.69346497808747
728,0.0012701155121050928,0.0015202360984403643,54.71321502803149
729,0.0011862744456203188,0.0014219798950944093,54.64173534318806
730,0.0011878868789437426,0.0015028701059054583,54.61432972211668
731,0.0012264044158331268,0.0013669469387969009,54.19576782277535
732,0.0012281681928209658,0.0014634607639163733,54.79878036129439
733,0.0012212967090043558,0.001295261807390488,54.78556015557362
734,0.001248472318339097,0.0013445006724214185,54.6930205814579
735,0.0012010295369943589,0.001381164236809127,54.546298616634395
736,0.0012148125921283837,0.0013054126087808978,54.879260504045085
737,0.0013159284348562717,0.0014639433572301635,54.79225314652723
738,0.0011964694309822923,0.0014961414417484775,54.6045184758718
739,0.0012689055707812847,0.0013957967271562666,54.30820112529061
740,0.0011934819599581264,0.001373125844402239,55.00893076311654
741,0.001228225511230187,0.0014704219257691872,54.81667891953609
742,0.00123193223566211,0.0012976065144175658,54.494446296171425
743,0.0012445179565456963,0.00141509689448867,54.96996012665396
744,0.0012241114718472988,0.0013573611079482361,54.76658137448719
745,0.0011983125729631574,0.0013479561515850954,54.87276520602008
746,0.0012180553499948114,0.0013267270557116718,54.963344251836276
747,0.0012206946193335099,0.0013557889289222663,54.91912467181328
748,0.0012506249346044185,0.0014529762516031044,55.17399547461414
749,0.0012397542558402971,0.0014059942559106274,54.73797445005695
750,0.0012264823141083631,0.0015359146450646224,54.768040010972555
751,0.0012023424181342576,0.0014455049217212941,54.06302737987165
752,0.0012146812782387727,0.001474851340171881,55.07006715658462
753,0.0012445072183848848,0.0015567426756024363,54.73462565227497
754,0.001330212039422328,0.0015998931205831468,54.76422609847052
755,0.0012059613015147689,0.0012865302310092373,54.57945853227795
756,0.0012314166145521394,0.0013395545695675543,54.591272165611336
757,0.0012194748854352224,0.0014646432717563584,55.033300788940984
758,0.001239856216355717,0.001407467375975102,55.05231234577013
759,0.0011510563357894558,0.0013415518263354901,54.37934345089982
760,0.0011835986717216819,0.0013839513086713851,54.799323221454245
761,0.0012054407583275296,0.0014084979274775833,54.81748231849019
762,0.0012334242662228176,0.001446573563735001,54.58651152504362
763,0.0012148818008931327,0.0014688105270033703,54.81461744476548
764,0.0012266717669335053,0.0013704795489320532,54.73864071536943
765,0.0012018620852025995,0.0012669312162324783,54.783136729716745
766,0.0012228716787822213,0.0014195181376999238,54.67392663306684
767,0.0012023834806133876,0.001282462025992573,54.66836033510474
768,0.0012539850350810522,0.0015639661124441772,54.437958030633474
769,0.0012619349227222328,0.0015420171065488831,54.6699250423409
770,0.0011777812001263115,0.0013580837519839408,54.61022256773864
771,0.0012766005666430885,0.0013710787566378715,54.590627630473556
772,0.0012384989628243246,0.0013302910211496054,54.642488475871424
773,0.00123827475195723,0.001328022451489232,54.924309384085234
774,0.0012004379543826204,0.0013365949713625015,54.756348541860014
775,0.0012468885547380047,0.0014848839183105155,54.67097946540239
776,0.0012244375788267833,0.0014453961513936522,55.0712101385075
777,0.0011880874749339927,0.0013811616104794672,55.39839089216422
778,0.0012166155683738865,0.0016668199829291555,54.263925328277075
779,0.001205656184736492,0.0014297645387705415,54.808694020015935
780,0.0011633963161032876,0.0013368717615958308,55.0784523451624
781,0.0012115913924200935,0.0014343249844387177,54.54458913200563
782,0.0012261548916933742,0.0014167141029611233,54.74977375603596
783,0.0012843065888224411,0.0014812527515459806,55.13861320074811
784,0.00121737589787618,0.001411401236546226,54.84440659604622
785,0.001292323573471719,0.0015665222413372248,54.469242954615666
786,0.0012012759222427716,0.0014248754229629406,54.9037617514279
787,0.0012019993828109347,0.001345125869265757,54.99050763630232
788,0.0011902347736989646,0.0013833873515250162,54.602776501367565
789,0.0012042516436759773,0.0013837210484780366,54.858472885054724
790,0.0011984450845762458,0.0013927747006528082,54.54713363032133
791,0.0012192813793974139,0.0013146043918095534,55.23223821042986
792,0.0011826923551005628,0.0013590647908858949,54.44490485686736
793,0.0012146345703369285,0.0013913931220304223,54.56918505404391
794,0.0012446275970144755,0.0013271805731346826,54.62858428852232
795,0.001244278881401468,0.0014077807165449483,54.94820198672599
796,0.0012410961143098458,0.0014563430933048948,54.74723283652477
797,0.0012047336026761075,0.0013754916802281513,54.512651510998175
798,0.0012012512854180576,0.0013705372717231512,54.65084710934011
799,0.0012071755827671971,0.0013408411521231753,54.58485986003765
800,0.0012048047392094275,0.0013810427329735836,54.56369480973019
801,0.0011440544195546966,0.0013391686032991853,54.424284010405884
802,0.001151003118570995,0.001338049680343829,54.7475334514981
803,0.0011451555273926676,0.0013410656811902299,54.94129368889945
804,0.001135774312361079,0.0013319244550075381,54.879436880668756
805,0.00113249182589306,0.0012895262223901233,54.54602413007919
806,0.0011277023795358196,0.0013110865652561179,55.333777090447136
807,0.0011566958361648786,0.001322020908701233,54.65784835705968
808,0.0011298078692075558,0.0013126244553131983,54.64587069879128
809,0.0011507506158991284,0.0012698352208826691,54.86138607742506
810,0.001136266707677837,0.001333153978339397,54.60647520171031
811,0.0011450320941575865,0.0013073225785046822,55.0346710713692
812,0.0011413883471730086,0.0013132090750150377,54.78253882879903
813,0.0011461638432862875,0.0013366567506454886,55.08656727037342
814,0.0011262851680794946,0.0013233253301586955,54.73166795610839
815,0.0011383313649635997,0.0013134613120928413,54.76321361662356
816,0.0011486009283148062,0.0012838206876767805,55.18519193416424
817,0.001146445846724518,0.0014229416998568923,54.376071562758135
818,0.0011241204042787578,0.001318479177425615,54.958562380877446
819,0.0011313465503989587,0.001410295891109854,54.498541365543154
820,0.0011339176046814175,0.001395581458928064,54.82367183943304
821,0.0011304039532597655,0.0013699491875013333,54.80679343416825
822,0.0011380555960845368,0.0012866930797463282,55.13313338082107
823,0.0011494111306884663,0.0013417800067691131,54.93434048655595
824,0.0011285493364453882,0.0012836298684123903,54.956736267793445
825,0.00112865770506237,0.0013133531145285812,54.816315640692345
826,0.0011094662615577548,0.0013189891236834233,54.71614059719901
827,0.0011473424814233428,0.001288170935586095,54.77531354722821
828,0.001154827951173537,0.0012900926452130074,55.10196365106075
829,0.0011378045648850487,0.001366188921383582,54.89045092439434
830,0.0011519623903320198,0.0013567196752410382,54.54014112752898
831,0.001128325504072168,0.0013170129485661165,54.63033861711597
832,0.001149637375798049,0.0013208614889299495,54.753555007151405
833,0.0011432135992310022,0.0013240623380988842,54.97717802420202
834,0.001124967281801146,0.0013030051998794076,54.91240480801339
835,0.0011364536335124714,0.00130998735956382,55.19147461342777
836,0.0011305993619965071,0.0013266373373335227,55.02136049322631
837,0.0011504070724113987,0.0013869241793872788,54.929121948438606
838,0.001145465066224236,0.0013195143936900423,55.040141780226264
839,0.001141429532406908,0.0012537619622889906,54.84966154371551
840,0.0011311715286072938,0.0012793149473145607,54.89634668828784
841,0.001158491571607889,0.0013429887313395738,55.28076903205654
842,0.0011477122960167265,0.001327612337190658,54.76723906871238
843,0.0011316216527714877,0.001329492989461869,55.2698204142281
844,0.0011476498111012852,0.0012637881404953075,54.6465414761803
845,0.0011122806126247198,0.0012979777506552637,55.0971522133086
846,0.0011392539775685975,0.0013375635293778033,54.690334143072754
847,0.0011376156493281427,0.0013158619898604232,55.04465271753344
848,0.0011508070003923643,0.0013027450634399429,55.050355835162
849,0.0011313931090356129,0.0013618625793606043,54.662685430366516
850,0.0011207900015236156,0.0013910951663274323,55.03367611257419
851,0.0011528130379530807,0.001351331471814774,54.730372169490714
852,0.0011238831213253577,0.0013305677112657576,55.20140811403211
853,0.0011221149643551157,0.0012654683971777558,55.02747542651543
854,0.0011203576069230687,0.0012799665564671159,54.91396974177879
855,0.0011408916429044805,0.0012498879531631247,54.89646209052528
856,0.0011402727335248846,0.001363590917899274,54.87575589916754
857,0.001141229755214028,0.0013903097820002592,54.765634249719405
858,0.0011262338038529312,0.0012946345628006384,54.950987466544774
859,0.0011216901995686564,0.0013143818662501871,55.07625622502297
860,0.001144712960715222,0.001228951481170952,54.857420597288574
861,0.0011202649773550358,0.0012871988234110171,54.842409194124194
862,0.0011270208973529743,0.0013292889221338561,55.077841147751144
863,0.0011225753751385142,0.0012897462875116616,55.13187507476546
864,0.0011548488771157927,0.0013004383514635266,54.34405217063623
865,0.0011254834916873708,0.0013130059192189947,55.05863992217494
866,0.0011459101470692142,0.001309742305893451,54.82305518959717
867,0.0011279768877291562,0.001294668863993138,55.212814681036456
868,0.0011065761529319548,0.0013800830877153203,55.10557696525697
869,0.0011306396172045367,0.0012454035924747587,54.56887917662827
870,0.0011315818250439774,0.0012952386867254972,54.74837307789287
871,0.001142503970762539,0.0013204930705251173,54.81499216332795
872,0.001132590627922483,0.0013338669156655674,54.937102651189335
873,0.0011483090370662944,0.0012723576684948057,54.67730869825947
874,0.0011157791732780463,0.0013441771967336535,54.9659162195931
875,0.0011320911634005691,0.0012902448570821434,55.033824700420176
876,0.0011272471656591759,0.001251867536338978,54.55431862534804
877,0.001136990476285551,0.0012784392730100086,55.194848952388575
878,0.001129277261714037,0.0012585947429761297,54.79425288354785
879,0.0011356200675346354,0.001340825292281807,54.91076084305421
880,0.0011288696304390152,0.0012421328370692208,54.92036486263353
881,0.001131028496823964,0.0013174499751767135,54.94595198681677
882,0.0011368919171722567,0.0012797923421021548,54.70159543287109
883,0.0011620631518988109,0.0013004314625868572,54.61411606453524
884,0.0011341370188914669,0.0013063198031159117,55.04010127010709
885,0.0011224045278735014,0.0013114866457181057,54.59129445116827
886,0.0011103409024054581,0.0012895058217691254,54.73510986410949
887,0.0011202753205970398,0.0012955869751749558,55.11881688811896
888,0.0011448425430709975,0.001291212714277208,54.598286704244174
889,0.0011492829690894833,0.001260861952905543,54.476780743570586
890,0.00113620974283693,0.0013136433024192229,54.833465397127505
891,0.0011417103260190763,0.0013369549659546466,55.02991641334971
892,0.0011576861004796962,0.001361349177896045,54.84310236897489
893,0.0011374139724619745,0.0013784105604281649,54.89051036676879
894,0.0011180269613742168,0.0012886003067251297,54.674527553188035
895,0.0011644514388805898,0.0013065986533183605,54.7782837039374
896,0.0011205766191544689,0.001276243969332426,55.05994799089525
897,0.0011308282503678388,0.0012658344593364746,55.04255267775232
898,0.001146263049167379,0.0012691585958236825,55.068734171421085
899,0.0011337694684896461,0.001322187650366686,55.34321422365542
900,0.001134310301224986,0.0012844899413175879,54.773428583531455
901,0.0011418426970116753,0.0013184564502444118,54.917781754658925
902,0.0011501950851530956,0.0013292550982441753,54.949584904887516
903,0.0011338178120411703,0.0013816214934922755,54.31649510345597
904,0.0011249353871726894,0.0013206801045453171,54.947944421581376
905,0.0011317749123900451,0.0013138867355883116,55.00513883826984
906,0.001127577906198994,0.0012951644056010986,55.25409083436136
907,0.0011178803234534007,0.0013343435415299608,54.74778292523956
908,0.0011319840025205137,0.0013396488199941812,54.95098925677407
909,0.0011508568843577676,0.0013423464004881675,54.59569454809926
910,0.0011327630966454553,0.0012814796739257866,54.57798236515443
911,0.0011382185615423956,0.0012906430225120857,54.97709749663636
912,0.0011262850601647953,0.0012859694939106705,55.08420848436237
913,0.0011270189119530572,0.001247859216528013,54.994186097587324
914,0.0011483963289630082,0.0012642720539588488,54.75574337203002
915,0.0011267580618127488,0.0013100234477315099,54.701809506122835
916,0.0011372823343960344,0.0013017631490947676,55.377709397139036
917,0.0011210992712167894,0.0013441538327606396,54.879003810497636
918,0.0011272563539689755,0.001267561053391546,54.748203446930695
919,0.0011177152986834203,0.0012752381287282327,54.99382220562545
920,0.0011508545207521322,0.0013197247055359185,54.9549509207592
921,0.0011189706476017985,0.0012860452505992722,55.075195011317064
922,0.001118826596319935,0.0012660206633154302,55.08268592582945
923,0.0011268887367147935,0.0012751047039637337,54.615738913753056
924,0.0011291200972835308,0.001305907122441567,54.86306548760048
925,0.001138336943966189,0.00133265654090792,55.51219813731014
926,0.001126096406830521,0.0012784822925459597,55.12560395725377
927,0.001142296364783346,0.001281805977341719,54.70856478301329
928,0.0011305950772499019,0.0013451158395037057,54.72367134404028
929,0.001120414034927974,0.0013025145285064355,55.378196136134086
930,0.0011291629915750393,0.001321326463948935,54.8694635158213
931,0.001134931187503879,0.001223019314347766,54.63574657709562
932,0.001117983874882167,0.001256304583512246,54.75881846676845
933,0.0011321115846362995,0.0012810773885576054,54.508329938409794
934,0.0010953234062855148,0.0013025188434403383,55.278724270521806
935,0.0011369533112703706,0.0012937111977953464,54.60567901767457
936,0.0011258312099899099,0.0013659189618192612,54.99278289031128
937,0.0011216458842322015,0.0013116468902444466,54.59572336747604
938,0.0011149436806842659,0.0012881400820333507,54.58863999120019
939,0.001119956885790684,0.0013137758773518727,54.845465155900385
940,0.0011283215669866684,0.00129048902541399,55.05614719572349
941,0.001145634187286314,0.0012695703044300899,54.77513255949936
942,0.0011060914114903715,0.0012798799772281199,54.841882048605065
943,0.0011283217947745672,0.0013469563727267087,54.80261665580917
944,0.0011387710461835594,0.0013084984297165642,54.75587697201356
945,0.0011102248298460705,0.0012815237342147158,55.2045946886944
946,0.0011447496671289548,0.0013037734967656436,54.83812264636149
947,0.0011382331566811342,0.0012761334551032637,55.16643696686574
948,0.0011286627630055376,0.001286496687098406,55.10212139190695
949,0.0011141602438932184,0.0012993404536973691,54.86363027283929
950,0.001129388964232426,0.001226648926967755,55.08652583562469
951,0.0011187465168422744,0.0012911552534205836,55.03981996228118
952,0.0011240572560265061,0.0013040409563109278,55.08949544738234
953,0.0011302538103444752,0.001258836291963235,54.753618685283385
954,0.0011438377882183378,0.0012642987718572837,55.0251513717779
955,0.0011191928622630968,0.0012949658615980294,54.92245335506914
956,0.0011239022575261172,0.0012524989026132971,54.90734753648704
957,0.001137996860952715,0.001326043461449444,54.68118851445517
958,0.0011116745458145884,0.0012806349812308326,54.572773358202745
959,0.0011274342960850947,0.0012957646214636048,55.1700447537509
960,0.001125259363809416,0.0012590746098430834,55.04567822574206
961,0.001119939550857688,0.0012961887556593866,55.0654340108712
962,0.0011138886528546086,0.0012921836826717476,55.096669250379044
963,0.0011285177340078646,0.001351175384479575,55.131939193078495
964,0.001114831940417344,0.001334116700454615,55.14449661067442
965,0.0011037384085806703,0.0013246473466278989,54.85838140771991
966,0.001122104806397893,0.0012744555296376348,54.69228876412967
967,0.0011119726649946593,0.001252568661002442,55.3907226480837
968,0.0011252276675768728,0.0013185693672858178,54.7761291117278
969,0.0011446047597334242,0.001346856738091447,54.98110202575727
970,0.0011196047242553347,0.0013529409677721553,54.89150380559172
971,0.0011310880520498607,0.0012755860248580574,55.13978213667662
972,0.0011319982263692965,0.0012658848462160674,54.753410275529205
973,0.001123880557738945,0.0012986019905656578,54.95094504230965
974,0.0011178147614562392,0.0013143186707748106,55.05631835332465
975,0.0011038783504593065,0.0012943973834626382,54.707802574115746
976,0.0011297747889582057,0.0012629461969481787,55.42751316784688
977,0.0011281047110321307,0.0012832239945419139,55.064891966066035
978,0.0011154527043737007,0.00133178319549188,54.97178133990217
979,0.001132423787909136,0.001314734104089439,55.41068687301703
980,0.001118886910694753,0.0013021861203014857,54.689597813210376
981,0.001121445745402616,0.0013125057576689875,54.83761369428983
982,0.0011292893425411642,0.0013053817662876102,54.675604978890846
983,0.0011229932539154636,0.0013644395221490415,54.768822625108854
984,0.0011186726321581522,0.0013015985197853297,55.450026938377775
985,0.0011185815499917971,0.0012672133295563975,54.92735041603892
986,0.0011126625640917153,0.001253477318095974,54.99053164162411
987,0.0011132993772257093,0.00134355825081002,54.8615520714582
988,0.0011156280836237976,0.0012665722658857697,54.72562379608277
989,0.001106668841716197,0.0012732359720394016,54.664622385268174
990,0.0011253181323674177,0.00127094809198752,55.385355561964296
991,0.0011257792451006298,0.0012338802026351902,54.15317183600101
992,0.0011170758677895476,0.001268201677594334,54.65274311877749
993,0.0011175759702904777,0.0012814460048684855,54.62660139439323
994,0.0011268068578423886,0.001386141410912387,54.563813863478906
995,0.0011242631419981354,0.0012696778104873375,55.32076064338598
996,0.0011098601339248903,0.0013513405894627795,55.23848477094261
997,0.0011258556103820245,0.0012862691178452223,55.0551928954311
998,0.0011371101255904365,0.0012879625934874644,55.01739839562038
999,0.0011104491189477188,0.0012456218141596778,54.85438116338634
1000,0.0011156648086236406,0.0012762484024278814,54.96708971866584
